--INSERT FOR DZIALA

INSERT INTO Dzialo(NazwaDziala, Kaliber, ZadawaneObrazenia, CzasPrzeladowania) VALUES('7,5 cm Kw.K. 42 L/70', 75, 135, 5);
INSERT INTO Dzialo(NazwaDziala, Kaliber, ZadawaneObrazenia, CzasPrzeladowania) VALUES('8,8 cm Kw.K. 43 L/71', 88, 320, 10.2);
INSERT INTO Dzialo(NazwaDziala, Kaliber, ZadawaneObrazenia, CzasPrzeladowania) VALUES('12,8 cm Kw.K. 44 L/55', 128, 490, 13.7);
INSERT INTO Dzialo(NazwaDziala, Kaliber, ZadawaneObrazenia, CzasPrzeladowania) VALUES('15 cm Kw.K. L/38', 150, 750, 17.9);
INSERT INTO Dzialo(NazwaDziala, Kaliber, ZadawaneObrazenia, CzasPrzeladowania) VALUES('7,5 cm Kw.K. L/100', 75, 135, 5.4);
INSERT INTO Dzialo(NazwaDziala, Kaliber, ZadawaneObrazenia, CzasPrzeladowania) VALUES('10,5 cm Kw.K. L/28', 105, 350, 8);
INSERT INTO Dzialo(NazwaDziala, Kaliber, ZadawaneObrazenia, CzasPrzeladowania) VALUES('10,5 cm Kw.K. L/52 Ausf. B', 105, 390, 10.5);
INSERT INTO Dzialo(NazwaDziala, Kaliber, ZadawaneObrazenia, CzasPrzeladowania) VALUES('5 cm Kw.K. 38 L/42', 50, 70, 2.5);
INSERT INTO Dzialo(NazwaDziala, Kaliber, ZadawaneObrazenia, CzasPrzeladowania) VALUES('7,5 cm Kw.K. 40 L/48', 75, 110, 4.2);
INSERT INTO Dzialo(NazwaDziala, Kaliber, ZadawaneObrazenia, CzasPrzeladowania) VALUES('37 mm ZiS-19', 37, 40, 2.2);
INSERT INTO Dzialo(NazwaDziala, Kaliber, ZadawaneObrazenia, CzasPrzeladowania) VALUES('45 mm VT-42', 45, 55, 2.2);
INSERT INTO Dzialo(NazwaDziala, Kaliber, ZadawaneObrazenia, CzasPrzeladowania) VALUES('76 mm F-32', 76, 110, 3.8);
INSERT INTO Dzialo(NazwaDziala, Kaliber, ZadawaneObrazenia, CzasPrzeladowania) VALUES('85 mm F-30)', 85, 160, 5);
INSERT INTO Dzialo(NazwaDziala, Kaliber, ZadawaneObrazenia, CzasPrzeladowania) VALUES('107 mm ZiS-6', 107, 300, 10.2);
INSERT INTO Dzialo(NazwaDziala, Kaliber, ZadawaneObrazenia, CzasPrzeladowania) VALUES('85 mm S-31', 85, 160, 5.1);
INSERT INTO Dzialo(NazwaDziala, Kaliber, ZadawaneObrazenia, CzasPrzeladowania) VALUES('122 mm D-25T', 122, 390,  12.2);
INSERT INTO Dzialo(NazwaDziala, Kaliber, ZadawaneObrazenia, CzasPrzeladowania) VALUES('107 mm ZiS-24', 107, 320, 11.1);
INSERT INTO Dzialo(NazwaDziala, Kaliber, ZadawaneObrazenia, CzasPrzeladowania) VALUES('122 mm M62-T2', 122, 440, 12);

--INSERT FOR SILNIKI
INSERT INTO Silnik(Moc, SzansaNaZapalenie, NazwaSilnika) VALUES(700, 20, 'Maybach HL 230 TRM P45');
INSERT INTO Silnik(Moc, SzansaNaZapalenie, NazwaSilnika) VALUES(900, 20, 'Maybach HL 234 TRM P45');
INSERT INTO Silnik(Moc, SzansaNaZapalenie, NazwaSilnika) VALUES(700, 20, 'Maybach HL 230 TRM P30');
INSERT INTO Silnik(Moc, SzansaNaZapalenie, NazwaSilnika) VALUES(300, 20, 'Maybach HL 116');
INSERT INTO Silnik(Moc, SzansaNaZapalenie, NazwaSilnika) VALUES(160, 20, 'Maybach HL 62 TRM');
INSERT INTO Silnik(Moc, SzansaNaZapalenie, NazwaSilnika) VALUES(840, 15, 'Porsche Deutz Typ 180/2');
INSERT INTO Silnik(Moc, SzansaNaZapalenie, NazwaSilnika) VALUES(340, 20, 'MT-5-1');
INSERT INTO Silnik(Moc, SzansaNaZapalenie, NazwaSilnika) VALUES(450, 20, 'M-17L 1400 r/min');
INSERT INTO Silnik(Moc, SzansaNaZapalenie, NazwaSilnika) VALUES(600, 15, 'V-5');
INSERT INTO Silnik(Moc, SzansaNaZapalenie, NazwaSilnika) VALUES(750, 15, 'V-2SN');
INSERT INTO Silnik(Moc, SzansaNaZapalenie, NazwaSilnika) VALUES(1200, 15, '2x V-2K-F');
INSERT INTO Silnik(Moc, SzansaNaZapalenie, NazwaSilnika) VALUES(700, 15, 'V-12P');
INSERT INTO Silnik(Moc, SzansaNaZapalenie, NazwaSilnika) VALUES(400, 15, 'Mitsubishi AL Type 4 Kuurei V-12');
INSERT INTO Silnik(Moc, SzansaNaZapalenie, NazwaSilnika) VALUES(570, 15, 'Mitsubishi 12HM20WT');

--INSERT FOR ZALOGANT
INSERT INTO Zalogant(Imie, Nazwisko, Rola) VALUES('Wiktor', 'Mazurow', '1');
INSERT INTO Zalogant(Imie, Nazwisko, Rola) VALUES('Nikolaj', 'Wotjakow', '2');
INSERT INTO Zalogant(Imie, Nazwisko, Rola) VALUES('Timur', 'Czugunkin', '3');
INSERT INTO Zalogant(Imie, Nazwisko, Rola) VALUES('Giennadij', 'Szyszkin', '4');
INSERT INTO Zalogant(Imie, Nazwisko, Rola) VALUES('Sasza', 'Awakow', '5');
INSERT INTO Zalogant(Imie, Nazwisko, Rola) VALUES('Lothair', 'Thebault', '6');
INSERT INTO Zalogant(Imie, Nazwisko, Rola) VALUES('Cesar', 'Claude', '7');
INSERT INTO Zalogant(Imie, Nazwisko, Rola) VALUES('Adnot', 'Cousin', '1');
INSERT INTO Zalogant(Imie, Nazwisko, Rola) VALUES('Bastien', 'Mauger', '2');
INSERT INTO Zalogant(Imie, Nazwisko, Rola) VALUES('Gaetan', 'Fournet', '3');
INSERT INTO Zalogant(Imie, Nazwisko, Rola) VALUES('Erik', 'Suhren', '4');
INSERT INTO Zalogant(Imie, Nazwisko, Rola) VALUES('Louis', 'Mauser', '5');
INSERT INTO Zalogant(Imie, Nazwisko, Rola) VALUES('Heller', 'Zollenkopf', '6');
INSERT INTO Zalogant(Imie, Nazwisko, Rola) VALUES('Friedhelm', 'Dilley', '7');
INSERT INTO Zalogant(Imie, Nazwisko, Rola) VALUES('Hasso', 'Kittel', '1');
INSERT INTO Zalogant(Imie, Nazwisko, Rola) VALUES('Holger', 'Backer', '2');
INSERT INTO Zalogant(Imie, Nazwisko, Rola) VALUES('Lutz', 'Fleischer', '3');
INSERT INTO Zalogant(Imie, Nazwisko, Rola) VALUES('Ewald', 'Lemp', '4');
INSERT INTO Zalogant(Imie, Nazwisko, Rola) VALUES('Kaspar', 'Falkenstein', '5');
INSERT INTO Zalogant(Imie, Nazwisko, Rola) VALUES('Miroslaw', 'Szuwalow', '6');
INSERT INTO Zalogant(Imie, Nazwisko, Rola) VALUES('Danila', 'Kramskoj', '7');

--INSERT FOR CZOLG
INSERT INTO Czolg(IDSilnika, IDDziala, IDZaloganta, Tier, NazwaCzolgu, Pancerz, Szybkosc, Wytrzymalosc, ZasiegWidzenia, Waga, KosztDoswiadczenia, KosztKredyty, Obrazek) VALUES(200, 300, 1, 1, 'Leichttraktor', 14, 36, 130, 310, 7.64, 0, 0, 'http://wiki.gcdn.co/images/2/28/AnnoLtraktor.png');
INSERT INTO Czolg(IDSilnika, IDDziala, IDZaloganta, Tier, NazwaCzolgu, Pancerz, Szybkosc, Wytrzymalosc, ZasiegWidzenia, Waga, KosztDoswiadczenia, KosztKredyty, Obrazek) VALUES(200, 300, 2, 1, 'MS-1', 16, 32, 100, 280, 4.76, 0, 0, 'http://wiki.gcdn.co/images/c/c1/AnnoMS-1.png');
INSERT INTO Czolg(IDSilnika, IDDziala, IDZaloganta, Tier, NazwaCzolgu, Pancerz, Szybkosc, Wytrzymalosc, ZasiegWidzenia, Waga, KosztDoswiadczenia, KosztKredyty, Obrazek) VALUES(200, 300, 3, 2, 'T-26', 15, 36, 150, 280, 9.4, 270, 3900, 'http://wiki.gcdn.co/images/3/3d/AnnoT-26.png');
INSERT INTO Czolg(IDSilnika, IDDziala, IDZaloganta, Tier, NazwaCzolgu, Pancerz, Szybkosc, Wytrzymalosc, ZasiegWidzenia, Waga, KosztDoswiadczenia, KosztKredyty, Obrazek) VALUES(200, 300, 4, 2,  'Pz.Kpfw. II', 30, 40, 145, 290, 9.2, 275, 3000, 'http://wiki.gcdn.co/images/7/7c/AnnoPzII.png');
INSERT INTO Czolg(IDSilnika, IDDziala, IDZaloganta, Tier, NazwaCzolgu, Pancerz, Szybkosc, Wytrzymalosc, ZasiegWidzenia, Waga, KosztDoswiadczenia, KosztKredyty, Obrazek) VALUES(200, 300, 5, 3,  'Pz.Kpfw. III Ausf. E', 16, 68, 200, 320, 14.7, 1500, 35000, 'http://wiki.gcdn.co/images/1/13/AnnoG102_Pz_III.png');
INSERT INTO Czolg(IDSilnika, IDDziala, IDZaloganta, Tier, NazwaCzolgu, Pancerz, Szybkosc, Wytrzymalosc, ZasiegWidzenia, Waga, KosztDoswiadczenia, KosztKredyty, Obrazek) VALUES(200, 300, 6, 3, 'T-46', 15, 58, 220, 260,14.1, 1400, 38500, 'http://wiki.gcdn.co/images/f/f5/AnnoT-46.png');
INSERT INTO Czolg(IDSilnika, IDDziala, IDZaloganta, Tier, NazwaCzolgu, Pancerz, Szybkosc, Wytrzymalosc, ZasiegWidzenia, Waga, KosztDoswiadczenia, KosztKredyty, Obrazek) VALUES(200, 300, 7, 4, 'T-28', 30, 45, 350, 336, 17.5, 3600, 135000, 'http://wiki.gcdn.co/images/8/80/AnnoT-28.png');
INSERT INTO Czolg(IDSilnika, IDDziala, IDZaloganta, Tier, NazwaCzolgu, Pancerz, Szybkosc, Wytrzymalosc, ZasiegWidzenia, Waga, KosztDoswiadczenia, KosztKredyty, Obrazek) VALUES(200, 300, 8, 4, 'Pz.Kpfw. III Ausf. J', 50, 64, 310, 330, 18.1, 3800, 138000, 'http://wiki.gcdn.co/images/a/ac/AnnoG10_PzIII_AusfJ.png');
INSERT INTO Czolg(IDSilnika, IDDziala, IDZaloganta, Tier, NazwaCzolgu, Pancerz, Szybkosc, Wytrzymalosc, ZasiegWidzenia, Waga, KosztDoswiadczenia, KosztKredyty, Obrazek) VALUES(200, 300, 9, 5, 'Pz.Kpfw. III/IV', 80, 55, 380, 320, 23.8, 13480, 315000, 'http://wiki.gcdn.co/images/7/79/AnnoG28_PzIII_IV.png');
INSERT INTO Czolg(IDSilnika, IDDziala, IDZaloganta, Tier, NazwaCzolgu, Pancerz, Szybkosc, Wytrzymalosc, ZasiegWidzenia, Waga, KosztDoswiadczenia, KosztKredyty, Obrazek) VALUES(200, 300, 10, 5, 'KV-1', 75, 34, 590, 310, 47.4, 13500, 390000, 'http://wiki.gcdn.co/images/b/b1/AnnoKV1.png');
INSERT INTO Czolg(IDSilnika, IDDziala, IDZaloganta, Tier, NazwaCzolgu, Pancerz, Szybkosc, Wytrzymalosc, ZasiegWidzenia, Waga, KosztDoswiadczenia, KosztKredyty, Obrazek) VALUES(200, 300, 1, 6, 'T-150', 90, 35, 830, 320, 50.2, 13000, 880000, 'http://wiki.gcdn.co/images/a/a8/AnnoT150.png');
INSERT INTO Czolg(IDSilnika, IDDziala, IDZaloganta, Tier, NazwaCzolgu, Pancerz, Szybkosc, Wytrzymalosc, ZasiegWidzenia, Waga, KosztDoswiadczenia, KosztKredyty, Obrazek) VALUES(200, 300, 2, 6, 'VK 36.01 (H)', 100, 50.5, 850, 360, 41.4, 23200, 935000, 'http://wiki.gcdn.co/images/2/23/AnnoVK3601H.png');
INSERT INTO Czolg(IDSilnika, IDDziala, IDZaloganta, Tier, NazwaCzolgu, Pancerz, Szybkosc, Wytrzymalosc, ZasiegWidzenia, Waga, KosztDoswiadczenia, KosztKredyty, Obrazek) VALUES(200, 300, 3, 7, 'KV-3', 120, 32, 1300, 330, 64.9, 34000, 1390000, 'http://wiki.gcdn.co/images/e/ea/AnnoKV-3.png');
INSERT INTO Czolg(IDSilnika, IDDziala, IDZaloganta, Tier, NazwaCzolgu, Pancerz, Szybkosc, Wytrzymalosc, ZasiegWidzenia, Waga, KosztDoswiadczenia, KosztKredyty, Obrazek) VALUES(200, 300, 4, 7, 'Tiger I', 100, 40, 1400, 370, 55.5, 45050, 1390000, 'http://wiki.gcdn.co/images/5/5c/AnnoG04_PzVI_Tiger_I.png');
INSERT INTO Czolg(IDSilnika, IDDziala, IDZaloganta, Tier, NazwaCzolgu, Pancerz, Szybkosc, Wytrzymalosc, ZasiegWidzenia, Waga, KosztDoswiadczenia, KosztKredyty, Obrazek) VALUES(200, 300, 5, 8, 'Tiger II', 150, 38, 1500, 380, 68, 78000, 2450000, 'http://wiki.gcdn.co/images/6/65/AnnoPzVIB_Tiger_II.png');
INSERT INTO Czolg(IDSilnika, IDDziala, IDZaloganta, Tier, NazwaCzolgu, Pancerz, Szybkosc, Wytrzymalosc, ZasiegWidzenia, Waga, KosztDoswiadczenia, KosztKredyty, Obrazek) VALUES(200, 300, 6, 8, 'KV-4', 180, 30, 1600, 330, 97.4, 53000, 2430000, 'http://wiki.gcdn.co/images/e/e4/AnnoKV4.png');
INSERT INTO Czolg(IDSilnika, IDDziala, IDZaloganta, Tier, NazwaCzolgu, Pancerz, Szybkosc, Wytrzymalosc, ZasiegWidzenia, Waga, KosztDoswiadczenia, KosztKredyty, Obrazek) VALUES(200, 300, 7, 9, 'E75', 160, 40, 1820, 390, 85, 154000, 3480000, 'http://wiki.gcdn.co/images/f/f1/AnnoG55_E-75.png');
INSERT INTO Czolg(IDSilnika, IDDziala, IDZaloganta, Tier, NazwaCzolgu, Pancerz, Szybkosc, Wytrzymalosc, ZasiegWidzenia, Waga, KosztDoswiadczenia, KosztKredyty, Obrazek) VALUES(200, 300, 8, 9, 'ST-I', 140, 40, 1800, 360, 57.7, 166000, 3561000, 'http://wiki.gcdn.co/images/0/02/AnnoST_I.png');
INSERT INTO Czolg(IDSilnika, IDDziala, IDZaloganta, Tier, NazwaCzolgu, Pancerz, Szybkosc, Wytrzymalosc, ZasiegWidzenia, Waga, KosztDoswiadczenia, KosztKredyty, Obrazek) VALUES(200, 300, 9, 10, 'IS-4', 140, 43, 2500, 400, 60, 189000, 6100000, 'http://wiki.gcdn.co/images/6/6b/AnnoIS-4.png');
INSERT INTO Czolg(IDSilnika, IDDziala, IDZaloganta, Tier, NazwaCzolgu, Pancerz, Szybkosc, Wytrzymalosc, ZasiegWidzenia, Waga, KosztDoswiadczenia, KosztKredyty, Obrazek) VALUES(200, 300, 10, 10, 'E100', 200, 30, 2700, 400, 131, 183010, 6100000, 'http://wiki.gcdn.co/images/3/32/AnnoG56_E-100.png');

--INSERT FOR UZYTKOWNICY
INSERT INTO UzytkownicyP(IDKlanu, Nick) VALUES(null, 'Basia91');
INSERT INTO UzytkownicyP(IDKlanu, Nick) VALUES(null, 'Szaleniec');
INSERT INTO UzytkownicyP(IDKlanu, Nick) VALUES(null, 'Izakooo');
INSERT INTO UzytkownicyP(IDKlanu, Nick) VALUES(null, 'cassandra');
INSERT INTO UzytkownicyP(IDKlanu, Nick) VALUES(null, 'maister');
INSERT INTO UzytkownicyP(IDKlanu, Nick) VALUES(null, '11marcin2');
INSERT INTO UzytkownicyP(IDKlanu, Nick) VALUES(null, 'poturbowany');
INSERT INTO UzytkownicyP(IDKlanu, Nick) VALUES(null, 'Niszczyciel');
INSERT INTO UzytkownicyP(IDKlanu, Nick) VALUES(null, 'demon922');
INSERT INTO UzytkownicyP(IDKlanu, Nick) VALUES(null, 'BabaJaga');
INSERT INTO UzytkownicyP(IDKlanu, Nick) VALUES(null, 'Corlanto');
INSERT INTO UzytkownicyP(IDKlanu, Nick) VALUES(null, 'theTetris');
INSERT INTO UzytkownicyP(IDKlanu, Nick) VALUES(null, 'Borsuczek');
INSERT INTO UzytkownicyP(IDKlanu, Nick) VALUES(null, 'HerrrSzmit');
INSERT INTO UzytkownicyP(IDKlanu, Nick) VALUES(null, 'Schmetterling');
INSERT INTO UzytkownicyP(IDKlanu, Nick) VALUES(null, 'deryyl231');
INSERT INTO UzytkownicyP(IDKlanu, Nick) VALUES(null, 'chyzyCzyzyk');
INSERT INTO UzytkownicyP(IDKlanu, Nick) VALUES(null, 'jestwenea');

--INSERT FOR CZOLG
INSERT INTO OsiagnieciaU(IDUzytkownika,IloscBitew, IloscObrazenZadanych, PrzyjeteObrazenia, ZniszczoneCzolgi, WyspotowaneCzolgi, DoswiadczenieZaBitwy, Zwyciestwa, Przegrane, Remisy) VALUES(600001,21185,3760033,2235071,21185,42370,198635798,21013,172,0);
INSERT INTO OsiagnieciaU(IDUzytkownika,IloscBitew, IloscObrazenZadanych, PrzyjeteObrazenia, ZniszczoneCzolgi, WyspotowaneCzolgi, DoswiadczenieZaBitwy, Zwyciestwa, Przegrane, Remisy) VALUES(600002,29750,3589360,1893560,0,0,131682779,21079,8671,0);
INSERT INTO OsiagnieciaU(IDUzytkownika,IloscBitew, IloscObrazenZadanych, PrzyjeteObrazenia, ZniszczoneCzolgi, WyspotowaneCzolgi, DoswiadczenieZaBitwy, Zwyciestwa, Przegrane, Remisy) VALUES(600003,8626,1878187,2675494,8626,8626,216118359,8266,360,0);
INSERT INTO OsiagnieciaU(IDUzytkownika,IloscBitew, IloscObrazenZadanych, PrzyjeteObrazenia, ZniszczoneCzolgi, WyspotowaneCzolgi, DoswiadczenieZaBitwy, Zwyciestwa, Przegrane, Remisy) VALUES(600004,29479,2539643,4493734,0,0,294598432,13783,15696,0);
INSERT INTO OsiagnieciaU(IDUzytkownika,IloscBitew, IloscObrazenZadanych, PrzyjeteObrazenia, ZniszczoneCzolgi, WyspotowaneCzolgi, DoswiadczenieZaBitwy, Zwyciestwa, Przegrane, Remisy) VALUES(600005,25151,4697228,243882,0,50302,26739878,3180,21971,0);
INSERT INTO OsiagnieciaU(IDUzytkownika,IloscBitew, IloscObrazenZadanych, PrzyjeteObrazenia, ZniszczoneCzolgi, WyspotowaneCzolgi, DoswiadczenieZaBitwy, Zwyciestwa, Przegrane, Remisy) VALUES(600006,26276,998156,1644214,26276,52552,272208897,7668,18608,0);
INSERT INTO OsiagnieciaU(IDUzytkownika,IloscBitew, IloscObrazenZadanych, PrzyjeteObrazenia, ZniszczoneCzolgi, WyspotowaneCzolgi, DoswiadczenieZaBitwy, Zwyciestwa, Przegrane, Remisy) VALUES(600007,48047,1938192,3345369,0,0,96021024,756,47291,0);
INSERT INTO OsiagnieciaU(IDUzytkownika,IloscBitew, IloscObrazenZadanych, PrzyjeteObrazenia, ZniszczoneCzolgi, WyspotowaneCzolgi, DoswiadczenieZaBitwy, Zwyciestwa, Przegrane, Remisy) VALUES(600008,81282,3959538,475749,81282,0,287699844,45287,35995,0);
INSERT INTO OsiagnieciaU(IDUzytkownika,IloscBitew, IloscObrazenZadanych, PrzyjeteObrazenia, ZniszczoneCzolgi, WyspotowaneCzolgi, DoswiadczenieZaBitwy, Zwyciestwa, Przegrane, Remisy) VALUES(600009,81586,3468513,1671719,0,163172,187375701,77666,3920,0);
INSERT INTO OsiagnieciaU(IDUzytkownika,IloscBitew, IloscObrazenZadanych, PrzyjeteObrazenia, ZniszczoneCzolgi, WyspotowaneCzolgi, DoswiadczenieZaBitwy, Zwyciestwa, Przegrane, Remisy) VALUES(600010,30432,2371676,1518352,0,30432,71873568,22715,7717,0);
INSERT INTO OsiagnieciaU(IDUzytkownika,IloscBitew, IloscObrazenZadanych, PrzyjeteObrazenia, ZniszczoneCzolgi, WyspotowaneCzolgi, DoswiadczenieZaBitwy, Zwyciestwa, Przegrane, Remisy) VALUES(600011,64818,382460,2524475,0,0,130897463,28381,36437,0);
INSERT INTO OsiagnieciaU(IDUzytkownika,IloscBitew, IloscObrazenZadanych, PrzyjeteObrazenia, ZniszczoneCzolgi, WyspotowaneCzolgi, DoswiadczenieZaBitwy, Zwyciestwa, Przegrane, Remisy) VALUES(600012,31324,1874600,2057816,31324,0,55521256,30572,752,0);
INSERT INTO OsiagnieciaU(IDUzytkownika,IloscBitew, IloscObrazenZadanych, PrzyjeteObrazenia, ZniszczoneCzolgi, WyspotowaneCzolgi, DoswiadczenieZaBitwy, Zwyciestwa, Przegrane, Remisy) VALUES(600013,810,4577267,898887,810,1620,195204161,273,537,0);
INSERT INTO OsiagnieciaU(IDUzytkownika,IloscBitew, IloscObrazenZadanych, PrzyjeteObrazenia, ZniszczoneCzolgi, WyspotowaneCzolgi, DoswiadczenieZaBitwy, Zwyciestwa, Przegrane, Remisy) VALUES(600014,43459,4935452,2536645,43459,86918,123510007,4213,39246,0);
INSERT INTO OsiagnieciaU(IDUzytkownika,IloscBitew, IloscObrazenZadanych, PrzyjeteObrazenia, ZniszczoneCzolgi, WyspotowaneCzolgi, DoswiadczenieZaBitwy, Zwyciestwa, Przegrane, Remisy) VALUES(600015,91987,2172212,1120348,91987,0,86621792,62553,29434,0);
INSERT INTO OsiagnieciaU(IDUzytkownika,IloscBitew, IloscObrazenZadanych, PrzyjeteObrazenia, ZniszczoneCzolgi, WyspotowaneCzolgi, DoswiadczenieZaBitwy, Zwyciestwa, Przegrane, Remisy) VALUES(600016,54908,87512,2930526,54908,109816,153504592,51669,3239,0);
INSERT INTO OsiagnieciaU(IDUzytkownika,IloscBitew, IloscObrazenZadanych, PrzyjeteObrazenia, ZniszczoneCzolgi, WyspotowaneCzolgi, DoswiadczenieZaBitwy, Zwyciestwa, Przegrane, Remisy) VALUES(600017,29900,1241032,214231,29900,0,143479641,22986,6914,0);
INSERT INTO OsiagnieciaU(IDUzytkownika,IloscBitew, IloscObrazenZadanych, PrzyjeteObrazenia, ZniszczoneCzolgi, WyspotowaneCzolgi, DoswiadczenieZaBitwy, Zwyciestwa, Przegrane, Remisy) VALUES(600018,88515,2038163,4364592,88515,0,106419555,69973,18542,0);

--INSERT FOR KLANY
INSERT INTO Klany(NazwaKlanu, PoziomTwierdzy) VALUES('5 Armia', 2);
INSERT INTO Klany(NazwaKlanu, PoziomTwierdzy) VALUES('Brygada Mazowiecka', 2);
INSERT INTO Klany(NazwaKlanu, PoziomTwierdzy) VALUES('Pancerniacy', 7);
INSERT INTO Klany(NazwaKlanu, PoziomTwierdzy) VALUES('Dywizja duchów', 5);
INSERT INTO Klany(NazwaKlanu, PoziomTwierdzy) VALUES('Gwardia elitarna', 1);
INSERT INTO Klany(NazwaKlanu, PoziomTwierdzy) VALUES('2 Pułk Zmechanizowany', 9);
INSERT INTO Klany(NazwaKlanu, PoziomTwierdzy) VALUES('Piąty Pułk Pancerny Pancerniaków Piłsudskiego', 8);
INSERT INTO Klany(NazwaKlanu, PoziomTwierdzy) VALUES('Husarze', 1);
INSERT INTO Klany(NazwaKlanu, PoziomTwierdzy) VALUES('1 Dywizja Pancerna Andersa', 7);
INSERT INTO Klany(NazwaKlanu, PoziomTwierdzy) VALUES('Pomorska Brygada Zmechanizowana', 6);
INSERT INTO Klany(NazwaKlanu, PoziomTwierdzy) VALUES('1 Batalion Gwardii', 3);
INSERT INTO Klany(NazwaKlanu, PoziomTwierdzy) VALUES('3 Dywizja Wojska Polskiego', 3);
INSERT INTO Klany(NazwaKlanu, PoziomTwierdzy) VALUES('Szwadron Szturmowy' , 5);
INSERT INTO Klany(NazwaKlanu, PoziomTwierdzy) VALUES('Zgrupowanie Skorpion', 2);

--INSERT FOR KLANYW
INSERT INTO KlanyW(IDKlanu, ZgromadzoneZasoby, IloscBonusowDoZarabiania, IloscBonusowDoDoswiadczenia) VALUES(50001,2549,7,12);
INSERT INTO KlanyW(IDKlanu, ZgromadzoneZasoby, IloscBonusowDoZarabiania, IloscBonusowDoDoswiadczenia) VALUES(50002,179264,15,13);
INSERT INTO KlanyW(IDKlanu, ZgromadzoneZasoby, IloscBonusowDoZarabiania, IloscBonusowDoDoswiadczenia) VALUES(50003,128964,18,4);
INSERT INTO KlanyW(IDKlanu, ZgromadzoneZasoby, IloscBonusowDoZarabiania, IloscBonusowDoDoswiadczenia) VALUES(50004,117679,17,10);
INSERT INTO KlanyW(IDKlanu, ZgromadzoneZasoby, IloscBonusowDoZarabiania, IloscBonusowDoDoswiadczenia) VALUES(50005,104837,15,4);
INSERT INTO KlanyW(IDKlanu, ZgromadzoneZasoby, IloscBonusowDoZarabiania, IloscBonusowDoDoswiadczenia) VALUES(50006,17385,17,14);
INSERT INTO KlanyW(IDKlanu, ZgromadzoneZasoby, IloscBonusowDoZarabiania, IloscBonusowDoDoswiadczenia) VALUES(50007,98738,6,1);
INSERT INTO KlanyW(IDKlanu, ZgromadzoneZasoby, IloscBonusowDoZarabiania, IloscBonusowDoDoswiadczenia) VALUES(50008,166273,16,8);
INSERT INTO KlanyW(IDKlanu, ZgromadzoneZasoby, IloscBonusowDoZarabiania, IloscBonusowDoDoswiadczenia) VALUES(50009,93787,9,7);
INSERT INTO KlanyW(IDKlanu, ZgromadzoneZasoby, IloscBonusowDoZarabiania, IloscBonusowDoDoswiadczenia) VALUES(50010,74116,3,0);
INSERT INTO KlanyW(IDKlanu, ZgromadzoneZasoby, IloscBonusowDoZarabiania, IloscBonusowDoDoswiadczenia) VALUES(50011,195940,10,11);
INSERT INTO KlanyW(IDKlanu, ZgromadzoneZasoby, IloscBonusowDoZarabiania, IloscBonusowDoDoswiadczenia) VALUES(50012,67203,2,19);
INSERT INTO KlanyW(IDKlanu, ZgromadzoneZasoby, IloscBonusowDoZarabiania, IloscBonusowDoDoswiadczenia) VALUES(50013,70671,19,5);
INSERT INTO KlanyW(IDKlanu, ZgromadzoneZasoby, IloscBonusowDoZarabiania, IloscBonusowDoDoswiadczenia) VALUES(50014,116757,3,0);

--INSERT FOR UZYTKOWNICYW
INSERT INTO UzytkownicyW(IDUzytkownika,EMail, Haslo, CzasKontaPremium, DostepneZloto, DostepneKredyty, DostepneDoswiadczenie) VALUES(600001,'Basia91@o2.pl','Basia91',60,145,329885,1169825);
INSERT INTO UzytkownicyW(IDUzytkownika,EMail, Haslo, CzasKontaPremium, DostepneZloto, DostepneKredyty, DostepneDoswiadczenie) VALUES(600002,'Szaleniec@o2.pl','Szaleniec',45,131,448106,9085072);
INSERT INTO UzytkownicyW(IDUzytkownika,EMail, Haslo, CzasKontaPremium, DostepneZloto, DostepneKredyty, DostepneDoswiadczenie) VALUES(600003,'Izakooo@o2.pl','Izakooo',49,491,193419,9597436);
INSERT INTO UzytkownicyW(IDUzytkownika,EMail, Haslo, CzasKontaPremium, DostepneZloto, DostepneKredyty, DostepneDoswiadczenie) VALUES(600004,'cassandra@o2.pl','cassandra',22,741,609038,569595);
INSERT INTO UzytkownicyW(IDUzytkownika,EMail, Haslo, CzasKontaPremium, DostepneZloto, DostepneKredyty, DostepneDoswiadczenie) VALUES(600005,'maister@o2.pl','maister',82,140,831488,1734762);
INSERT INTO UzytkownicyW(IDUzytkownika,EMail, Haslo, CzasKontaPremium, DostepneZloto, DostepneKredyty, DostepneDoswiadczenie) VALUES(600006,'11marcin2@o2.pl','11marcin2',41,487,934521,7798525);
INSERT INTO UzytkownicyW(IDUzytkownika,EMail, Haslo, CzasKontaPremium, DostepneZloto, DostepneKredyty, DostepneDoswiadczenie) VALUES(600007,'poturbowany@o2.pl','poturbowany',66,257,702550,9012674);
INSERT INTO UzytkownicyW(IDUzytkownika,EMail, Haslo, CzasKontaPremium, DostepneZloto, DostepneKredyty, DostepneDoswiadczenie) VALUES(600008,'Niszczyciel@o2.pl','Niszczyciel',88,404,304161,2735135);
INSERT INTO UzytkownicyW(IDUzytkownika,EMail, Haslo, CzasKontaPremium, DostepneZloto, DostepneKredyty, DostepneDoswiadczenie) VALUES(600009,'demon922@o2.pl','demon922',51,548,439943,6831876);
INSERT INTO UzytkownicyW(IDUzytkownika,EMail, Haslo, CzasKontaPremium, DostepneZloto, DostepneKredyty, DostepneDoswiadczenie) VALUES(600010,'BabaJaga@o2.pl','BabaJaga',20,279,799849,5559318);
INSERT INTO UzytkownicyW(IDUzytkownika,EMail, Haslo, CzasKontaPremium, DostepneZloto, DostepneKredyty, DostepneDoswiadczenie) VALUES(600011,'Corlanto@o2.pl','Corlanto',68,613,511719,2176411);
INSERT INTO UzytkownicyW(IDUzytkownika,EMail, Haslo, CzasKontaPremium, DostepneZloto, DostepneKredyty, DostepneDoswiadczenie) VALUES(600012,'theTetris@o2.pl','theTetris',4,610,325350,7199828);
INSERT INTO UzytkownicyW(IDUzytkownika,EMail, Haslo, CzasKontaPremium, DostepneZloto, DostepneKredyty, DostepneDoswiadczenie) VALUES(600013,'Borsuczek@o2.pl','Borsuczek',20,338,784686,7924925);
INSERT INTO UzytkownicyW(IDUzytkownika,EMail, Haslo, CzasKontaPremium, DostepneZloto, DostepneKredyty, DostepneDoswiadczenie) VALUES(600014,'HerrrSzmit@o2.pl','HerrrSzmit',56,985,653989,6052892);
INSERT INTO UzytkownicyW(IDUzytkownika,EMail, Haslo, CzasKontaPremium, DostepneZloto, DostepneKredyty, DostepneDoswiadczenie) VALUES(600015,'Schmetterling@o2.pl','Schmetterling',9,574,444692,6746057);
INSERT INTO UzytkownicyW(IDUzytkownika,EMail, Haslo, CzasKontaPremium, DostepneZloto, DostepneKredyty, DostepneDoswiadczenie) VALUES(600016,'deryyl231@o2.pl','deryyl231',32,403,192374,1518205);
INSERT INTO UzytkownicyW(IDUzytkownika,EMail, Haslo, CzasKontaPremium, DostepneZloto, DostepneKredyty, DostepneDoswiadczenie) VALUES(600017,'chyzyCzyzyk@o2.pl','chyzyCzyzyk',0,643,306035,5747259);
INSERT INTO UzytkownicyW(IDUzytkownika,EMail, Haslo, CzasKontaPremium, DostepneZloto, DostepneKredyty, DostepneDoswiadczenie) VALUES(600018,'jestwenea@o2.pl','jestwenea',22,866,774481,2099160);
